фамилия,имя,отчество,регион,зарплата
Лебедева,Полина,Егоровна,Курская область,24360
Цветков,Артём,Максимович,Республика Мордовия,22769
Васильева,Алиса,Семёновна,Смоленская область,23937
Михайлова,Ангелина,Даниловна,Астраханская область,24827
Савельев,Владислав,Владиславович,Краснодарский край,25844
Лапина,Екатерина,Андреевна,Мурманская область,46974
Шестаков,Сергей,Никитич,Орловская область,22449
Герасимов,Савелий,Борисович,Рязанская область,25022
Лебедева,Александра,Львовна,Иркутская область,37395
Воробьев,Степан,Иванович,Республика Алтай,26566
Павлова,Екатерина,Адамовна,Кемеровская область,31702
Ковалев,Александр,Андреевич,Тюменская область,20213
Леонтьева,Арина,Дмитриевна,Республика Марий Эл,21847
Логинова,Айлин,Александровна,Тамбовская область,23194
Воронин,Даниил,Тимофеевич,Омская область,24247
Матвеев,Ярослав,Станиславович,Хабаровский край,39084
Попова,Кристина,Никитична,Пермский край,27960
Зайцева,Вера,Данииловна,Вологодская область,31631
Емельянова,Ева,Егоровна,Чувашская Республика,21780
Матвеев,Роман,Андреевич,Тульская область,28073
Розанова,Александра,Максимовна,Республика Ингушетия,18349
Калинина,Арина,Львовна,Нижегородская область,28248
Марков,Кирилл,Евгеньевич,Чеченская Республика,23613
Окулова,Амелия,Савельевна,Сахалинская область,76114
Исаева,София,Егоровна,Еврейская автономная область,31029
Цветкова,Полина,Богдановна,Смоленская область,23473
Авдеева,Майя,Артёмовна,Красноярский край,38926
Моисеева,Ольга,Михайловна,г.Санкт-Петербург,51825
Филатова,Анастасия,Данииловна,Республика Коми,42654
Галкина,Стефания,Данииловна,Липецкая область,27761
Петрова,Ирина,Максимовна,Пензенская область,24875
Головина,Алиса,Эмильевна,Ростовская область,24237
Орлова,Екатерина,Ивановна,Курская область,24267
Алексеев,Роберт,Матвеевич,Кабардино-Балкарская Республика,19631
Виноградов,Александр,Иванович,Республика Тыва,25084
Афанасьева,Варвара,Ярославовна,Костромская область,24465
Рыжов,Георгий,Глебович,Республика Марий Эл,22434
Михайлов,Александр,Егорович,Псковская область,23071
Ткачева,София,Данииловна,Хабаровский край,39027
Короткова,Вера,Максимовна,Курская область,26431
Захарова,Софья,Вадимовна,Республика Карелия,32505
Львова,Анна,Константиновна,Краснодарский край,27313
Соколова,Дарья,Михайловна,Республика Адыгея,23660
Фролов,Тимофей,Андреевич,Ульяновская область,23221
Уткина,Елена,Георгиевна,Тверская область,26447
Корнеева,Елизавета,Григорьевна,Хабаровский край,37939
Соболева,Александра,Григорьевна,Сахалинская область,75331
Дубровин,Григорий,Александрович,Ярославская область,29258
Михайлова,Алиса,Фёдоровна,Брянская область,22599
Иванов,Тимофей,Алексеевич,Республика Саха,51023
Козлова,Марьям,Тимуровна,Мурманская область,48086
Савицкая,Мадина,Ивановна,Сахалинская область,75314
Мальцева,Маргарита,Степановна,Красноярский край,39856
Петровская,Екатерина,Андреевна,Кировская область,23725
Васильева,Анастасия,Алексеевна,Самарская область,27638
Новиков,Алексей,Алексеевич,Республика Дагестан,20107
Матвеева,Стефания,Андреевна,Чеченская Республика,22871
Терентьева,Алина,Михайловна,Сахалинская область,75021
Баранова,Милана,Вадимовна,Республика Крым,27616
Прохоров,Никита,Тимофеевич,Ямало-Ненецкий авт. округ,85706
Парамонова,Дарья,Кирилловна,Республика Саха,53075
Федоров,Михаил,Елисеевич,Московская область,49020
Матвеева,Александра,Эминовна,Республика Коми,40651
Васильев,Андрей,Егорович,Костромская область,24083
Рожков,Илья,Миронович,Омская область,24283
Егоров,Алексей,Михайлович,Чеченская Республика,24000
Воронина,Арина,Кирилловна,Калужская область,32110
Крылова,Виктория,Михайловна,Еврейская автономная область,31425
Лыкова,Полина,Ильинична,Орловская область,21910
Кулешов,Леон,Игоревич,г.Санкт-Петербург,49874
Яковлева,Эмилия,Тимофеевна,Республика Хакасия,28414
Соколов,Даниэль,Даниилович,Республика Башкортостан,27930
Терехов,Лев,Дмитриевич,Красноярский край,38122
Виноградова,Валерия,Матвеевна,Ленинградская область,41745
Литвинов,Илья,Георгиевич,Республика Ингушетия,20085
Муравьева,София,Дмитриевна,Забайкальский край,27387
Кузьмин,Роман,Егорович,Чувашская Республика,23904
Овсянников,Андрей,Артемьевич,Ярославская область,27450
Миронов,Кирилл,Валерьевич,Карачаево-Черкесская Республика,18888
Козлова,Элина,Артёмовна,Республика Тыва,27774
Морозова,Елизавета,Максимовна,Свердловская область,31802
Добрынин,Дмитрий,Артёмович,Новгородская область,24341
Селезнева,Ариана,Сергеевна,Ставропольский край,22295
Степанов,Артём,Ильич,г.Москва,67962
Тихомиров,Виктор,Никитич,Республика Северная Осетия - Алания,18796
Гаврилова,Маргарита,Григорьевна,Приморский край,33161
Гришина,Анастасия,Владиславовна,г.Санкт-Петербург,51265
Анисимова,Мария,Борисовна,Ленинградская область,40867
Князев,Евгений,Артёмович,Республика Ингушетия,18192
Львова,Амина,Владимировна,Ярославская область,30052
Воробьева,Милана,Кирилловна,Омская область,24019
Воробьев,Лука,Степанович,Республика Башкортостан,28627
Борисова,Александра,Данииловна,Челябинская область,28832
Юдин,Владимир,Ярославович,Свердловская область,31502
Петров,Николай,Николаевич,Приморский край,33358
Кузина,Мирослава,Кирилловна,Республика Хакасия,29282
Гаврилова,Александра,Матвеевна,Республика Татарстан,28697
Семенов,Владимир,Никитич,Воронежская область,24362
Игнатьева,Аиша,Данииловна,Астраханская область,26087
Осипов,Денис,Алексеевич,Республика Саха,50260
Иванов,Степан,Артёмович,Республика Карелия,34096
Завьялов,Арсений,Евгеньевич,Ивановская область,20536
Андрианов,Фёдор,Даниилович,Новосибирская область,30909
Александрова,Варвара,Данииловна,Ставропольский край,20908
Николаев,Никита,Романович,г.Санкт-Петербург,51353
Щукина,Ольга,Сергеевна,Магаданская область,68241
Баранов,Илья,Иванович,Магаданская область,67857
Герасимов,Александр,Демидович,Забайкальский край,29210
Иванова,Камила,Глебовна,Тверская область,26312
Медведева,Елизавета,Ростиславовна,Республика Дагестан,20304
Савельев,Михаил,Николаевич,Ставропольский край,21960
Ильина,Мария,Робертовна,Карачаево-Черкесская Республика,18597
Филатова,Виктория,Андреевна,Новосибирская область,32668
Туманов,Давид,Владимирович,Томская область,30911
Алексеев,Иван,Матвеевич,Омская область,24873
Шарова,Яна,Германовна,Нижегородская область,27253
Кузнецов,Даниил,Маркович,Орловская область,20993
Черная,Алиса,Евгеньевна,Чеченская Республика,23515
Князева,Мария,Львовна,Орловская область,23195
Смирнов,Дмитрий,Максимович,Республика Тыва,25403
Назаров,Захар,Александрович,Республика Татарстан,28712
Сергеева,Дарья,Всеволодовна,Омская область,24782
Воробьев,Вячеслав,Александрович,Калининградская область,28711
Кузьмина,Маргарита,Степановна,Кемеровская область,30219
Митрофанов,Артём,Богданович,Республика Коми,40563
Андреева,Ярослава,Ивановна,Республика Калмыкия,21624
Грибов,Иван,Макарович,Кировская область,24459
Пахомова,Екатерина,Глебовна,Камчатский край,61992
Маслова,Арина,Ивановна,Ленинградская область,42860
Демидова,Стефания,Тихоновна,Пензенская область,24584
Третьякова,Варвара,Александровна,Нижегородская область,27015
Фомина,Алиса,Арсентьевна,Республика Саха,51355
Дроздова,Мария,Никитична,Курская область,27015
Николаева,Ульяна,Александровна,Калининградская область,26234
Симонова,Ксения,Александровна,Приморский край,34735
Петров,Максим,Львович,Костромская область,21933
Медведева,Амелия,Марковна,Алтайский край,24632
Кожевников,Григорий,Артёмович,Омская область,24137
Самойлова,Кира,Александровна,Тульская область,28603
Новикова,Виктория,Кирилловна,Новгородская область,25955
Андреева,Аврора,Викторовна,Красноярский край,39318
Некрасов,Даниил,Денисович,Ивановская область,18675
Прокофьев,Михаил,Антонович,Костромская область,21749
Иванова,Екатерина,Матвеевна,Республика Ингушетия,19388
Филимонова,Таисия,Филипповна,Республика Карелия,33332
Ершова,Елизавета,Ивановна,Республика Алтай,24294
Кондратьева,Софья,Фёдоровна,Ярославская область,28277
Щербакова,Анастасия,Марковна,Мурманская область,46149
Горюнов,Георгий,Николаевич,Рязанская область,24887
Дементьева,Кира,Никитична,Курская область,26126
Лебедев,Евгений,Александрович,Омская область,24202
Киселева,Мария,Артёмовна,Смоленская область,25594
Кузнецов,Адам,Ильич,Курская область,24668
Гусева,Мария,Матвеевна,Республика Ингушетия,19532
Павлова,Марина,Владимировна,Владимирская область,27816
Матвеева,Амина,Тимофеевна,Омская область,24732
Шаповалова,Диана,Адамовна,Ивановская область,21127
Колесов,Алексей,Владимирович,Нижегородская область,26834
Орлова,Дарья,Андреевна,Республика Бурятия,30387
Кошелева,Камилла,Данииловна,Мурманская область,47559
Спиридонова,Софья,Сергеевна,Республика Саха,51906
Федоров,Евгений,Артёмович,Томская область,31038
Фролова,Варвара,Даниловна,Владимирская область,27084
Виноградов,Захар,Алексеевич,Алтайский край,22430
Тимофеева,Варвара,Александровна,Московская область,48244
Панфилова,Дарья,Захаровна,Карачаево-Черкесская Республика,19415
Гордеев,Артём,Макарович,Челябинская область,28283
Лаврова,Анастасия,Александровна,Калужская область,31858
Васильева,София,Андреевна,Свердловская область,33069
Новикова,Екатерина,Данииловна,Калужская область,31235
Кузнецова,Варвара,Леонидовна,Республика Карелия,35120
Черкасова,Кира,Мирославовна,Ямало-Ненецкий авт. округ,85363
Русаков,Данила,Денисович,Республика Алтай,23740
Фокина,Виктория,Николаевна,Саратовская область,24677
Лапина,Аделина,Никитична,Костромская область,22225
Смирнова,Ева,Макаровна,Омская область,26789
Калашников,Платон,Кириллович,Республика Карелия,32626
Севастьянова,Полина,Богдановна,Республика Тыва,27112
Макарова,Полина,Степановна,Мурманская область,47533
Алексеева,Алина,Мирославовна,Краснодарский край,26518
Агапов,Александр,Артёмович,Калужская область,32285
Соболева,Юлия,Петровна,Свердловская область,31208
Колесникова,Анна,Ярославовна,Тамбовская область,22359
﻿Петрова,Мария,Артуровна,Новгородская область,23382
Михайлов,Алексей,Константинович,Сахалинская область,75897
Николаева,Алиса,Ивановна,Республика Карелия,35324
Шмелева,Мария,Тимофеевна,Ивановская область,21240
Крылов,Егор,Максимович,Республика Башкортостан,27633
Титов,Константин,Романович,Республика Дагестан,21656
Богданова,Ксения,Александровна,Кемеровская область,31411
Кузнецова,Мария,Марковна,Республика Башкортостан,27622
Крылова,Анастасия,Григорьевна,Тюменская область,22195
Кузнецова,Кира,Леонидовна,Хабаровский край,37352
Романова,Дарья,Степановна,Курганская область,24137
Чистяков,Ярослав,Ильич,Ульяновская область,23634
Федосеева,Мирослава,Кирилловна,Сахалинская область,74961
Кочергин,Иван,Серафимович,Тамбовская область,22268
Титов,Тихон,Петрович,Пензенская область,23591
Макаров,Александр,Александрович,Нижегородская область,26995
Малышева,Алиса,Никитична,Оренбургская область,27503
Орлова,Таисия,Ярославовна,Кировская область,24221
Орлова,Алия,Егоровна,Астраханская область,25586
Андреева,Ксения,Егоровна,Курская область,26535
Москвина,Милана,Григорьевна,Краснодарский край,27177
Куприянова,Виктория,Ярославовна,Калининградская область,27331
Кузнецова,Юлия,Арсентьевна,Кемеровская область,32081
Иванов,Лев,Михайлович,Пермский край,26608
Морозова,Маргарита,Михайловна,Воронежская область,26459
Попова,Алиса,Мироновна,Саратовская область,24342
Кожевникова,Асия,Лукинична,Нижегородская область,27663
Петров,Лев,Даниилович,Тульская область,28132
Логинов,Давид,Ильич,Красноярский край,37964
Панин,Николай,Даниилович,Пермский край,26986
Логинов,Сергей,Сергеевич,Республика Адыгея,22171
Смирнов,Роман,Степанович,Республика Алтай,25597
Полякова,София,Владиславовна,Новосибирская область,30751
Петухов,Илья,Гордеевич,Ростовская область,24184
Тихонова,Ульяна,Демидовна,Томская область,33157
Никонов,Леонид,Романович,Республика Мордовия,21301
Петрова,Алёна,Матвеевна,г.Москва,68565
Морозов,Артём,Григорьевич,Астраханская область,25450
Жарова,Софья,Ивановна,Рязанская область,27252
Парфенова,Есения,Кирилловна,Республика Крым,26886
Степанов,Максим,Артёмович,Республика Татарстан,29227
Смирнова,Варвара,Давидовна,Республика Ингушетия,18701
Ильина,Софья,Евгеньевна,Республика Северная Осетия - Алания,19471
Никитин,Иван,Иванович,Челябинская область,28709
Григорьев,Михаил,Евгеньевич,Самарская область,28440
Попов,Марк,Егорович,Еврейская автономная область,31511
Петров,Руслан,Иванович,Республика Крым,27931
Щукина,Ольга,Кирилловна,Еврейская автономная область,31223
Соловьев,Ярослав,Тимурович,Ростовская область,24216
Жукова,Вера,Германовна,Республика Саха,53155
Федоров,Никита,Алиевич,Чувашская Республика,22800
Голубев,Лев,Витальевич,Ханты-Мансийский авт. округ,61246
Кузнецова,Виктория,Фёдоровна,Тамбовская область,23132
Миронов,Кирилл,Захарович,Ивановская область,21029
Андрианова,Ксения,Константиновна,Республика Коми,40695
Чернышев,Александр,Маркович,Астраханская область,26383
Михайлов,Семён,Дмитриевич,Камчатский край,61037
Бычкова,Екатерина,Тимофеевна,Республика Бурятия,31096
Захаров,Михаил,Даниилович,Тверская область,25123
Золотова,Софья,Германовна,Смоленская область,23244
Беляева,Екатерина,Артёмовна,Ярославская область,27871
Осипов,Дмитрий,Иванович,Кемеровская область,32379
Котова,Анастасия,Савельевна,Псковская область,24455
Попов,Дмитрий,Александрович,Республика Тыва,27294
Яковлева,Екатерина,Дамировна,Ставропольский край,21566
Нефедова,Марьям,Матвеевна,Республика Марий Эл,21509
Карпов,Билал,Максимович,Новосибирская область,32167
Головина,Варвара,Сергеевна,Ярославская область,27553
Булгакова,София,Артёмовна,Курганская область,23306
Кузнецов,Владимир,Андреевич,Липецкая область,26104
Калашников,Степан,Мирославович,Республика Башкортостан,28327
Куприянова,Сабина,Глебовна,Республика Дагестан,21941
Васильева,Василиса,Михайловна,Самарская область,26780
Климова,Ева,Фёдоровна,Волгоградская область,23469
Шубина,Милана,Алексеевна,Ярославская область,28934
Виноградова,Мария,Никитична,Саратовская область,25554
Снегирев,Лев,Егорович,Забайкальский край,27523
Игнатьева,Мадина,Артёмовна,Республика Карелия,35378
Боброва,Аиша,Львовна,Еврейская автономная область,30893
Захаров,Тимофей,Артёмович,Новосибирская область,31651
Поляков,Денис,Владимирович,Кировская область,22653
Мельникова,Анастасия,Олеговна,Удмуртская Республика,26489
Емельянова,Софья,Борисовна,Красноярский край,37300
Волкова,Ксения,Никитична,Республика Марий Эл,24065
Климова,Алиса,Николаевна,Тульская область,28666
Ильина,Варвара,Артуровна,Республика Башкортостан,28968
Титова,Эмма,Саввична,Мурманская область,47570
Сергеева,Виктория,Андреевна,Кировская область,24395
Швецов,Кирилл,Никитич,Костромская область,24676
Ильина,Есения,Евгеньевна,Республика Коми,40778
Овчинникова,Диана,Борисовна,Ленинградская область,41946
Фомина,Дарина,Дмитриевна,Республика Татарстан,30366
Макаров,Степан,Арсентьевич,Республика Калмыкия,20650
Зверева,Василиса,Максимовна,Пермский край,28603
Агапов,Михаил,Максимович,Приморский край,34576
Попова,Евдокия,Давидовна,Республика Мордовия,21222
Лаптева,Ярослава,Матвеевна,Ленинградская область,41830
Козлова,Ева,Семёновна,Ростовская область,25920
Коротков,Дмитрий,Никитич,Ярославская область,29768
Князев,Савелий,Леонидович,Красноярский край,38577
Лебедева,Сабина,Тимофеевна,Ростовская область,24145
Коновалов,Андрей,Кириллович,Ростовская область,25641
Иванова,Мария,Дмитриевна,Республика Хакасия,30335
Андреева,Анастасия,Михайловна,Республика Ингушетия,19124
Иванова,Амина,Дмитриевна,Республика Крым,27609
Копылов,Платон,Кириллович,Новосибирская область,29919
Соловьева,Вероника,Игоревна,Кемеровская область,31147
Филимонова,Анастасия,Марковна,Тюменская область,21402
Журавлева,Виктория,Михайловна,Астраханская область,26028
Измайлов,Эмир,Иванович,Оренбургская область,27142
Иванова,Алия,Егоровна,Нижегородская область,26910
Михеева,Варвара,Александровна,Свердловская область,33449
Иванов,Даниэль,Ильич,Псковская область,24556
Игнатьев,Артём,Миронович,Новосибирская область,30640
Жуков,Сергей,Васильевич,Республика Хакасия,27771
Соколова,Василиса,Ильинична,г.Санкт-Петербург,50119
Родионова,Валерия,Денисовна,Липецкая область,27342
Полякова,Полина,Степановна,Курская область,26652
Яковлева,Вероника,Васильевна,Ханты-Мансийский авт. округ,60042
Захарова,Вера,Романовна,Республика Хакасия,29605
Лазарева,Валерия,Кирилловна,Белгородская область,33913
Тихомирова,Алина,Давидовна,Псковская область,25033
Киселев,Никита,Адамович,Ростовская область,24250
Максимова,Вера,Львовна,Оренбургская область,29040
Антипова,Агата,Максимовна,Республика Тыва,25288
Фролов,Артём,Ярославович,Мурманская область,46476
Назарова,Мария,Захаровна,Кемеровская область,31428
Ульянова,Варвара,Дамировна,Тюменская область,20405
Потапова,Дарья,Ивановна,Калужская область,31078
Соболев,Семён,Маркович,Курганская область,25110
Петрова,Мария,Максимовна,Оренбургская область,28451
Фролова,Кира,Дмитриевна,Ставропольский край,21694
Кириллова,Таисия,Кирилловна,Республика Марий Эл,23050
Карасев,Макар,Маркович,Республика Тыва,25302
Глушкова,Арина,Григорьевна,Республика Саха,51080
Попова,Сафия,Дмитриевна,Астраханская область,24246
Трофимов,Степан,Александрович,Вологодская область,29894
Полякова,Милана,Константиновна,Вологодская область,30040
Макеева,Евгения,Никитична,Орловская область,22844
Свешников,Давид,Максимович,Ямало-Ненецкий авт. округ,85045
Попов,Владимир,Михайлович,Тюменская область,20050
Еремеева,Дарья,Марковна,Тамбовская область,23907
Попов,Михаил,Георгиевич,Курская область,26630
Смирнова,Диана,Максимовна,Свердловская область,32830
Сальникова,Мария,Максимовна,Тверская область,27180
Зорина,Софья,Владимировна,Тверская область,25129
Масленникова,Надежда,Романовна,Республика Дагестан,19718
Зайцева,Полина,Алексеевна,Амурская область,38467
Лавров,Даниэль,Борисович,Брянская область,24723
Селезнева,Ева,Тимуровна,г.Москва,69612
Иванов,Константин,Демидович,Алтайский край,23231
Смирнов,Николай,Фёдорович,Ивановская область,20934
Леонова,Варвара,Билаловна,Ярославская область,28901
Григорьева,Кира,Владимировна,Республика Крым,27644
Кузнецов,Ярослав,Олегович,Забайкальский край,27548
Петров,Алексей,Дмитриевич,Сахалинская область,74476
Лопатина,Алёна,Максимовна,Республика Ингушетия,19816
Соколова,Арина,Максимовна,Республика Марий Эл,22087
Прокофьева,Александра,Серафимовна,Кабардино-Балкарская Республика,18720
Белов,Максим,Дмитриевич,Саратовская область,23748
Сизов,Герман,Артёмович,Белгородская область,33728
Болдырева,Алёна,Тихоновна,Удмуртская Республика,27200
Никитина,Сафия,Александровна,Орловская область,23388
Иванова,Лилия,Арсентьевна,Самарская область,27105
Гончаров,Алексей,Олегович,Калининградская область,26418
Березин,Максим,Платонович,Карачаево-Черкесская Республика,19963
Васильева,Ксения,Сергеевна,Новгородская область,25267
Пирогова,Варвара,Артёмовна,Самарская область,28358
Васильева,Виктория,Алексеевна,Ханты-Мансийский авт. округ,60796
Симонова,Дарья,Николаевна,Республика Карелия,34164
Федорова,Алисия,Дмитриевна,Костромская область,22095
Медведев,Максим,Артёмович,Смоленская область,25333
Егорова,Алёна,Ивановна,Тверская область,25904
Сорокина,Алина,Романовна,Республика Мордовия,21809
Пугачева,Софья,Дмитриевна,Вологодская область,32592
Емельянов,Макар,Тимофеевич,Калининградская область,26780
Кожевников,Владимир,Ильич,Сахалинская область,75562
Родионова,Полина,Макаровна,Ставропольский край,21487
Левина,Мирослава,Львовна,Красноярский край,39974
Мальцева,Виктория,Викторовна,Республика Карелия,34169
Максимова,Мария,Матвеевна,Новосибирская область,31026
Михеева,Ева,Денисовна,Республика Северная Осетия - Алания,17922
Мартынов,Фёдор,Олегович,Орловская область,20968
Русакова,Арина,Артёмовна,Новосибирская область,31817
Медведев,Никита,Давидович,Приморский край,34717
Севастьянова,Маргарита,Марковна,Чукотский автономный округ,85034
Латышева,Анна,Константиновна,Карачаево-Черкесская Республика,21037
Рудаков,Адам,Иванович,Магаданская область,68372
Дьяконова,Дарья,Владиславовна,Брянская область,24539
Ефимова,Александра,Максимовна,Томская область,31497
Еремина,Александра,Викторовна,Алтайский край,24329
Прохорова,Вера,Марковна,Камчатский край,62417
Федорова,Василиса,Марковна,Тульская область,29011
Семенова,Ника,Александровна,Республика Калмыкия,21114
Корнилов,Савелий,Дмитриевич,Иркутская область,35283
Щербакова,Елизавета,Артёмовна,г.Санкт-Петербург,51935
Дорохов,Владимир,Георгиевич,Кировская область,21685
Макаров,Максим,Артемьевич,Кемеровская область,32351
Степанова,Виктория,Максимовна,Республика Адыгея,21785
Васильева,Софья,Тимофеевна,Ханты-Мансийский авт. округ,60165
Ильина,Мария,Александровна,Курская область,25692
Борисова,Ясмина,Дмитриевна,Забайкальский край,28025
Дружинина,Арина,Андреевна,Республика Адыгея,23339
Демина,Дана,Ивановна,Московская область,48400
Матвеев,Елисей,Дмитриевич,Мурманская область,47851
Кузнецов,Андрей,Владиславович,Республика Саха,50799
Агафонова,Елизавета,Даниловна,Чувашская Республика,22956
Александров,Максим,Дмитриевич,Республика Мордовия,21161
Грачева,Марьяна,Павловна,Алтайский край,24356
Черкасова,Валентина,Ивановна,Забайкальский край,28014
Филимонова,Полина,Захаровна,Московская область,49003
Соловьева,Анфиса,Алиевна,Кемеровская область,32497
Соколов,Данила,Сергеевич,Республика Северная Осетия - Алания,18945
Игнатова,Агния,Кирилловна,Магаданская область,66993
Комаров,Роман,Никитич,Республика Северная Осетия - Алания,17576
Романова,Юлия,Макаровна,Чукотский автономный округ,87670
Голубева,Дарья,Ильинична,Республика Коми,42588
Куприянова,Аяна,Александровна,Республика Алтай,23667
Соколов,Михаил,Александрович,Тюменская область,21358
Митрофанова,Лилия,Георгиевна,Забайкальский край,27750
Овчинников,Денис,Дмитриевич,Ленинградская область,41538
Грекова,Ульяна,Артёмовна,Ханты-Мансийский авт. округ,59818
Фомин,Егор,Георгиевич,Алтайский край,22676
Архипова,Светлана,Львовна,Ярославская область,29910
Высоцкий,Виктор,Ильич,Тюменская область,22594
Бородин,Андрей,Николаевич,Челябинская область,29330
Алексеев,Антон,Петрович,Калининградская область,27876
Котова,Арина,Германовна,Чеченская Республика,24158
Глухова,Амелия,Даниэльевна,Красноярский край,38658
Сорокин,Даниил,Ильич,Томская область,32046
Тихонова,Александра,Алексеевна,Республика Коми,42669
Петрова,Кира,Денисовна,Чукотский автономный округ,87185
Григорьев,Максим,Филиппович,Краснодарский край,28146
Судакова,Кира,Михайловна,Тверская область,26618
Романова,Алёна,Серафимовна,Приморский край,34210
Софронов,Лев,Серафимович,Республика Дагестан,20171
Лапин,Даниил,Дмитриевич,Псковская область,24515
Назаров,Марк,Михайлович,Курганская область,23793
Касаткин,Егор,Артёмович,Республика Башкортостан,28402
Долгова,Ника,Ильинична,Республика Тыва,25461
Ананьев,Николай,Тимурович,Республика Северная Осетия - Алания,17477
Кузнецова,Милана,Матвеевна,Волгоградская область,23151
Цветкова,Анастасия,Данииловна,Республика Тыва,27030
Крылова,Надежда,Владиславовна,Тюменская область,20781
Павлов,Николай,Владимирович,Красноярский край,39821
Тимофеева,Любовь,Владимировна,Пермский край,28623
Архипова,Кристина,Матвеевна,Республика Ингушетия,20224
Соболева,Ева,Кирилловна,Республика Крым,26347
Александрова,Маргарита,Владимировна,Республика Татарстан,29596
Петрова,Арина,Владимировна,Республика Карелия,32437
Королева,Екатерина,Артёмовна,Карачаево-Черкесская Республика,19547
Фокина,Есения,Ярославовна,Приморский край,33697
Маркова,Вероника,Максимовна,Сахалинская область,74655
Литвинова,Вероника,Артуровна,Липецкая область,25928
Петров,Артём,Михайлович,Республика Тыва,25634
Комарова,Александра,Григорьевна,Рязанская область,25309
Николаева,Ева,Олеговна,Иркутская область,37025
Фролова,Марта,Фёдоровна,г. Севастополь,28008
Пугачева,Мария,Григорьевна,Ярославская область,27482
Тимофеева,Вероника,Максимовна,Калининградская область,27672
Полякова,Александра,Кирилловна,Самарская область,28891
Николаева,Полина,Львовна,Чукотский автономный округ,87841
Сергеева,Кристина,Алексеевна,Сахалинская область,77009
Еремеева,Мелания,Максимовна,Иркутская область,35707
Яковлева,Варвара,Мироновна,Чеченская Республика,23423
Соколова,Агата,Ивановна,Республика Крым,26387
Власова,Елизавета,Ивановна,Тюменская область,20960
Емельянова,Варвара,Леонидовна,Магаданская область,67159
Кузнецов,Дамир,Артёмович,Республика Калмыкия,21971
Сергеев,Кирилл,Алексеевич,Приморский край,32889
Булгаков,Иван,Робертович,Республика Дагестан,21916
Шубина,Аделина,Артёмовна,г.Санкт-Петербург,49846
Алексеев,Денис,Владимирович,Ленинградская область,42204
Борисова,Дарья,Константиновна,Республика Крым,27537
Чеснокова,Маргарита,Максимовна,Краснодарский край,26484
Грачев,Александр,Алексеевич,Республика Крым,26820
Степанова,Любовь,Денисовна,Краснодарский край,26155
Грачев,Гордей,Маркович,Челябинская область,27398
Попова,Валерия,Данииловна,Самарская область,26634
Соколов,Илья,Маркович,г. Севастополь,29758
Анисимов,Тимофей,Семёнович,Самарская область,27464
Озерова,София,Андреевна,Новгородская область,25179
Волкова,Каролина,Артёмовна,Республика Крым,26544
Майоров,Али,Андреевич,Магаданская область,67897
Тарасов,Артём,Максимович,Алтайский край,24656
Васильев,Артём,Тимурович,Республика Адыгея,23742
Семенов,Демид,Саввич,Ярославская область,27477
Васильева,Вероника,Максимовна,Ленинградская область,41852
Петровский,Тимур,Егорович,Ленинградская область,41395
Булгаков,Иван,Александрович,Республика Саха,52941
Петровская,Василиса,Владимировна,Мурманская область,47577
Власов,Алексей,Степанович,Республика Адыгея,23140
Богданов,Савелий,Матвеевич,Республика Адыгея,21098
Кулакова,Марьям,Алексеевна,Ямало-Ненецкий авт. округ,86397
Павлов,Андрей,Ильич,Волгоградская область,24845
Архипова,Варвара,Степановна,Свердловская область,32002
Королева,Виктория,Тимофеевна,Республика Крым,28345
Ларионова,Валентина,Ивановна,г.Санкт-Петербург,51018
Калмыкова,Ангелина,Фёдоровна,Рязанская область,26280
Корнилова,Анастасия,Ярославовна,Курская область,26821
Дегтярева,Алиса,Егоровна,Камчатский край,61966
Федорова,Амелия,Кирилловна,Ленинградская область,40981
Ковалева,Елизавета,Константиновна,Челябинская область,28471
Захарова,Яна,Дмитриевна,Карачаево-Черкесская Республика,20987
Самсонова,Маргарита,Артемьевна,Астраханская область,23879
Попова,Арина,Георгиевна,Республика Хакасия,29201
Абрамова,Ольга,Платоновна,Республика Дагестан,21157
Тимофеев,Иван,Алексеевич,Курская область,25708
Суслова,Варвара,Михайловна,Ростовская область,26546
Бычков,Михаил,Михайлович,Республика Крым,27282
Богомолова,Варвара,Львовна,Новгородская область,25527
Смирнова,Анастасия,Тимуровна,Тюменская область,20315
Григорьева,Алиса,Константиновна,Республика Карелия,35021
Зубкова,Таисия,Георгиевна,г. Севастополь,30439
Орлова,Анастасия,Романовна,Курская область,25586
Мартынов,Егор,Андреевич,Курганская область,24912
Мельникова,Дарья,Андреевна,Ставропольский край,21439
Сидоров,Владимир,Иванович,Республика Адыгея,22174
Федотова,Василиса,Станиславовна,Кемеровская область,30335
Лазарев,Андрей,Миронович,Кабардино-Балкарская Республика,18979
Журавлев,Иван,Даниилович,Республика Тыва,27792
Егорова,Вероника,Матвеевна,Мурманская область,46792
Савина,Алиса,Владимировна,Брянская область,24259
Пономарева,Александра,Андреевна,Тамбовская область,24720
Елисеев,Никита,Егорович,Рязанская область,25861
Смирнова,Варвара,Ивановна,Оренбургская область,29246
Соловьева,Ульяна,Артёмовна,Саратовская область,25324
Михайлова,Софья,Михайловна,Республика Карелия,33589
Виноградова,Сафия,Никитична,Свердловская область,32341
Киселева,Милана,Руслановна,Республика Калмыкия,22228
Андреева,Ева,Ивановна,Республика Бурятия,32221
Кузнецов,Станислав,Маркович,Псковская область,24497
Алексеев,Алексей,Эмирович,Краснодарский край,26507
Карташов,Платон,Даниилович,Магаданская область,67534
Горбачев,Василий,Максимович,г.Санкт-Петербург,51293
Богомолов,Макар,Александрович,Республика Калмыкия,22662
Соколова,Мария,Константиновна,Пермский край,27121
Захарова,Ярослава,Романовна,Мурманская область,45745
Горюнова,Алиса,Кирилловна,Тульская область,27097
Дементьев,Фёдор,Павлович,Тульская область,27713
Федотова,Александра,Викторовна,Курганская область,24749
Денисова,Ангелина,Артемьевна,Московская область,49864
Грачев,Герман,Артёмович,Челябинская область,28325
Шмелев,Даниил,Александрович,Республика Калмыкия,21882
Прохорова,Виктория,Владиславовна,Тверская область,25640
Токарева,Агата,Павловна,Республика Коми,42105
Воронина,Юлия,Марковна,Тюменская область,22461
Дмитриев,Фёдор,Владимирович,Республика Хакасия,29514
Осипова,Серафима,Тимуровна,Еврейская автономная область,30906
Богомолов,Эмир,Демидович,г. Севастополь,28422
Морозова,Алия,Владиславовна,Республика Дагестан,19804
Денисова,Ева,Саввична,Ленинградская область,41977
Жуков,Дмитрий,Егорович,Нижегородская область,26064
Семенова,Мария,Владиславовна,Орловская область,23117
Сизова,Алиса,Владиславовна,Нижегородская область,27035
Сорокин,Александр,Павлович,Республика Северная Осетия - Алания,19716
Лобанов,Юрий,Львович,Астраханская область,26043
Григорьева,Кира,Александровна,Калининградская область,27224
Фокин,Роман,Макарович,Иркутская область,36003
Копылов,Фёдор,Антонович,Ярославская область,29702
Климова,Василиса,Артёмовна,Московская область,48984
Орлова,Полина,Арсентьевна,Тамбовская область,23546
Смирнов,Денис,Никитич,г. Севастополь,30144
Старикова,Ника,Кирилловна,Республика Северная Осетия - Алания,17886
Архипова,Ольга,Всеволодовна,Сахалинская область,76903
Баранов,Артём,Демидович,Московская область,50250
Чернышева,Майя,Кирилловна,Кировская область,22926
Тарасова,Яна,Матвеевна,Тверская область,27097
Максимова,Елизавета,Артемьевна,Астраханская область,25462
Грачев,Алексей,Романович,Республика Хакасия,29893
Егорова,Кира,Арсентьевна,Приморский край,33924
Денисова,Лея,Романовна,Забайкальский край,29245
Денисова,Василиса,Александровна,Пермский край,27414
Баранов,Эмиль,Артёмович,Псковская область,22980
Соловьева,Есения,Артёмовна,Республика Тыва,26830
Макарова,Лейла,Львовна,Курская область,24855
Маркова,Агния,Алексеевна,Орловская область,21482
Зубова,Вероника,Робертовна,Республика Крым,28570
Головина,Мира,Матвеевна,Республика Татарстан,29790
Сидорова,Анна,Богдановна,Калининградская область,27619
Филиппова,Валерия,Марковна,Республика Калмыкия,23038
Афанасьев,Даниил,Сергеевич,Кировская область,24574
Титова,Полина,Артёмовна,Астраханская область,23597
Петрова,Маргарита,Матвеевна,Иркутская область,36097
Кочетов,Максим,Артёмович,Амурская область,36196
Лебедева,Эмилия,Львовна,г. Севастополь,29705
Токарева,Дарья,Вячеславовна,Республика Татарстан,27978
Завьялова,Зоя,Алиевна,Ханты-Мансийский авт. округ,60152
Нестерова,София,Ильинична,Магаданская область,68039
Семина,Стефания,Дмитриевна,Карачаево-Черкесская Республика,18984
Григорьева,Александра,Артёмовна,Оренбургская область,28131
Митрофанов,Пётр,Артёмович,Алтайский край,24237
Калинин,Матвей,Вячеславович,Владимирская область,26449
Ковалева,Софья,Александровна,Республика Марий Эл,23049
Савицкая,Софья,Константиновна,Саратовская область,23371
Новикова,Мария,Владимировна,Республика Хакасия,28099
Моргунова,Марьям,Васильевна,Республика Калмыкия,23024
Андреева,Дарья,Ивановна,Сахалинская область,74901
Новиков,Степан,Григорьевич,Кемеровская область,30271
Кудрявцева,Александра,Дмитриевна,Мурманская область,46917
Белоусова,Анна,Георгиевна,Курская область,24265
Соловьева,Николь,Ивановна,г.Санкт-Петербург,51833
Виноградова,Есения,Алексеевна,Кировская область,23991
Ковалева,Алия,Никитична,Московская область,48685
Мартынова,Анна,Данильевна,Московская область,48820
Козлов,Дмитрий,Матвеевич,Орловская область,22260
Малышев,Даниил,Георгиевич,Калужская область,32318
Полякова,Софья,Дмитриевна,Владимирская область,25653
Попов,Андрей,Николаевич,Республика Татарстан,28386
Скворцова,Екатерина,Константиновна,Ульяновская область,21453
Горелова,Виктория,Егоровна,Новгородская область,23921
Волкова,Мария,Фёдоровна,Республика Дагестан,20863
Латышева,Ева,Ивановна,Республика Карелия,33977
Нечаева,Дарья,Никитична,г. Севастополь,29012
Егоров,Давид,Евгеньевич,Свердловская область,32757
Чернов,Алексей,Елисеевич,Ханты-Мансийский авт. округ,60794
Игнатьева,Александра,Дмитриевна,Тверская область,27398
Литвинова,Дарья,Данииловна,Чеченская Республика,23504
Корнилов,Билал,Дмитриевич,Мурманская область,46673
Еремин,Максим,Михайлович,Республика Коми,41600
Максимова,Анна,Николаевна,Курская область,25082
Сухарева,Виктория,Владимировна,Республика Крым,27184
Самсонова,Алёна,Дмитриевна,Кабардино-Балкарская Республика,18460
Иванова,Сафия,Михайловна,Кемеровская область,30125
Соколова,Амира,Яновна,Чеченская Республика,23373
Плотникова,Анастасия,Дмитриевна,Республика Башкортостан,27536
Агафонов,Даниил,Ярославович,Иркутская область,34718
Петрова,Василиса,Андреевна,Пензенская область,23239
Ковалева,Ксения,Степановна,Чукотский автономный округ,87821
Исакова,Дарья,Робертовна,Московская область,48846
Андреева,Диана,Матвеевна,Мурманская область,46658
Пантелеев,Владимир,Сергеевич,Приморский край,34332
Соловьева,Валерия,Александровна,Липецкая область,27417
Ракова,Екатерина,Ильинична,Нижегородская область,27709
Бородина,Арина,Савельевна,Ульяновская область,24333
Ткачева,Анастасия,Ярославовна,г.Москва,68193
Кузнецова,Ника,Тимуровна,Краснодарский край,25912
Рыбакова,Лидия,Фёдоровна,Еврейская автономная область,32518
Блинов,Роман,Семёнович,г.Санкт-Петербург,50326
Нестерова,Виктория,Тимофеевна,Чувашская Республика,21688
Соловьев,Игорь,Максимович,Камчатский край,60799
Озерова,Вероника,Матвеевна,Тульская область,26523
Олейникова,Варвара,Николаевна,Московская область,48609
Павлова,Ева,Ивановна,Республика Саха,50750
Киселев,Мирон,Иванович,Республика Карелия,33784
Тихомирова,Ариана,Львовна,г.Москва,68155
Королева,Мария,Львовна,Новгородская область,25894
Соболева,Анастасия,Никитична,г.Санкт-Петербург,51526
Устинова,Ульяна,Александровна,Волгоградская область,24650
Титов,Андрей,Александрович,Республика Марий Эл,21548
Филатов,Марк,Богданович,Ярославская область,29679
Воронцова,Надежда,Фёдоровна,Курская область,26869
Смирнова,Амелия,Арсентьевна,Чукотский автономный округ,85209
Антонова,Ольга,Демидовна,Чукотский автономный округ,86650
Архипова,Александра,Давидовна,Республика Мордовия,23035
Фадеева,Ариана,Данильевна,Республика Ингушетия,19074
Наумова,Екатерина,Константиновна,Ярославская область,27865
Шилова,Кира,Ибрагимовна,Карачаево-Черкесская Республика,18878
Игнатов,Семён,Тихонович,Нижегородская область,26107
Семенов,Гордей,Матвеевич,Республика Ингушетия,19363
Лобанов,Николай,Романович,Ульяновская область,23179
Борисова,Ульяна,Игоревна,Воронежская область,26260
Нестерова,Арина,Данииловна,Липецкая область,25508
Дубровина,Ангелина,Марковна,Калининградская область,26213
Фролова,Полина,Александровна,Новгородская область,23486
Захаров,Дмитрий,Александрович,Вологодская область,32392
Потапова,Вероника,Алексеевна,Челябинская область,26861
Семенова,Екатерина,Романовна,Приморский край,34293
Евдокимова,Мария,Александровна,Еврейская автономная область,33354
Бочаров,Никита,Максимович,Свердловская область,32007
Коновалова,Анна,Евгеньевна,Астраханская область,24906
Иванова,Татьяна,Дамировна,Владимирская область,28005
Серова,Сафия,Кирилловна,Красноярский край,39203
Бурова,Василиса,Игоревна,Ямало-Ненецкий авт. округ,86511
Корнилов,Гордей,Михайлович,Волгоградская область,23696
Токарева,Ярослава,Максимовна,Ярославская область,27568
Григорьева,Виктория,Васильевна,Республика Бурятия,31622
Львова,Полина,Яновна,Омская область,24630
Жукова,Милана,Павловна,Республика Марий Эл,22670
Малышева,Аврора,Георгиевна,Саратовская область,26113
Трофимов,Иван,Максимович,Красноярский край,38353
Киселева,Агата,Никитична,Тюменская область,21166
Софронова,Марина,Кирилловна,Кировская область,24322
Прохорова,Мирослава,Рафаэльевна,Тверская область,24852
Ермакова,Маргарита,Михайловна,Ростовская область,25029
Сазонова,Варвара,Ивановна,Ханты-Мансийский авт. округ,59568
Панин,Александр,Георгиевич,г.Москва,68745
Горюнов,Олег,Артёмович,Республика Хакасия,30327
Михеева,Амина,Данииловна,Республика Адыгея,23047
Павлова,Екатерина,Ивановна,Владимирская область,26785
Калинина,Полина,Матвеевна,Пензенская область,25388
Новиков,Максим,Никитич,Республика Северная Осетия - Алания,16995
Кузнецова,Елизавета,Николаевна,Ленинградская область,42653
Орлова,Николь,Васильевна,Республика Дагестан,21981
Тихонова,Ульяна,Александровна,Московская область,49973
Суханов,Михаил,Глебович,Республика Ингушетия,19819
Морозов,Александр,Кириллович,Нижегородская область,27485
Бородин,Дмитрий,Артёмович,Республика Коми,43267
Соловьева,Елизавета,Александровна,Оренбургская область,27237
Колосова,Варвара,Алексеевна,Республика Ингушетия,17778
Короткова,Виктория,Яновна,Белгородская область,33693
Максимова,Анна,Яновна,Республика Северная Осетия - Алания,19565
Семенова,Александра,Глебовна,Республика Адыгея,23730
Кузнецова,Софья,Макаровна,Приморский край,34824
Константинова,Аврора,Глебовна,Сахалинская область,76292
Иванов,Никита,Кириллович,Удмуртская Республика,28618
Романова,Алиса,Владиславовна,Тамбовская область,23649
Воробьева,Мария,Руслановна,Ярославская область,27312
Коновалова,Асия,Николаевна,Белгородская область,33000
Меркулова,Варвара,Евгеньевна,Республика Алтай,23765
Орлов,Иван,Анатольевич,Вологодская область,29948
Кравцова,Мария,Макаровна,Вологодская область,30012
Горшков,Макар,Георгиевич,Вологодская область,29799
Григорьев,Андрей,Богданович,Республика Дагестан,20035
Шишкин,Матвей,Глебович,Республика Ингушетия,18858
Журавлева,Ева,Артёмовна,Липецкая область,26236
Романов,Роман,Фёдорович,Тверская область,27359